id,street_type,number_of_drivers,is_weekend,geometry
1,motorway,40,True,"LINESTRING(976449.2216780466 6996090.027180071,976395.4543639935 6996126.915827349,976238.6942570583 6996228.689358356,975999.2571643111 6996384.122075087,975812.9417325703 6996505.92830141,975619.5241173172 6996640.688101815,975500.4901858119 6996726.329295344,975430.7151289826 6996777.877510132)"
2,service,24,False,"LINESTRING(1042187.4441528887 6853218.179247577,1042874.6861612498 6854484.30650755)"
3,residential,102,False,"LINESTRING(1104564.452526871 6741134.6948411325,1104429.0434982702 6740738.900946477,1104129.8834987124 6739872.170637129)"
4,motorway,12,True,"LINESTRING(1018851.8175966217 7006099.886370047,1018752.4538191396 7006096.064881018,1018604.0649379122 7006053.5091997925,1018324.4749048357 7005973.31443352,1017976.3009334815 7005873.419929841)"
5,motorway,8,True,"LINESTRING(1122331.510799339 7016705.172628219,1122298.4823064208 7016592.772329361,1122250.1362515693 7016430.573933033,1122167.9935993126 7016182.155992662,1122106.1110943807 7015994.723895096,1122044.8185827502 7015835.936640235,1121936.6716974445 7015568.239897308,1121791.1548590795 7015225.018766182,1121716.3704251645 7015066.785431593,1121675.482776196 7014979.0527161425,1121450.083071238 7014542.037838507,1121419.4702112698 7014488.053344624,1121328.600110935 7014327.810504573,1121303.5977533031 7014283.706684266,1121177.8289926047 7014076.839812146,1121044.7242774633 7013868.752755258,1120925.54563062 7013696.935546452)"
6,signal,302,True,"LINESTRING(1112059.2932793573 6828439.344319146,1112132.1964138777 6828205.299072011,1112273.5165074398 6827740.422114764,1112331.0241563835 6827559.809157345,1112389.6450002352 6827385.495629555,1112436.755408739 6827247.360998914,1112490.7230978755 6827110.970336191,1112548.0971634306 6826975.851876017,1112604.024075605 6826848.100974513)"
